logged_at_utc,station,metar_raw,time_token,xgb_pred_status,xgb_danger_prob,xgb_confidence,xgb_actual_status,xgb_actual_phenomena,xgb_match_type,actual_temp,pred_temp_30m,err_temp_30m,actual_qnh,pred_qnh_30m,err_qnh_30m,actual_wind,pred_wind_30m,err_wind_30m,actual_dew,pred_dew_30m,err_dew_30m
2026-09-29T14:50:26Z,WARR,METAR WARR 290400Z 11012KT 9999 FEW020 32/25 Q1014 NOSIG,290400Z,AMAN,0.78,99.22,AMAN,Normal / Kondusif,TN,32.0,,,1014.0,,,12.0,,,25.0,,
2026-09-29T14:50:26Z,WARR,METAR WARR 290430Z 11013KT 9999 FEW020 32/24 Q1013 NOSIG,290430Z,AMAN,0.77,99.23,AMAN,Normal / Kondusif,TN,32.0,,,1013.0,,,13.0,,,24.0,,
2026-09-29T14:50:26Z,WARR,METAR WARR 290500Z 11013KT 9999 FEW020 32/24 Q1013 NOSIG,290500Z,AMAN,0.35,99.65,AMAN,Normal / Kondusif,TN,32.0,,,1013.0,,,13.0,,,24.0,,
2026-09-29T14:50:26Z,WARR,METAR WARR 290530Z 10013KT CAVOK 32/25 Q1012 NOSIG,290530Z,AMAN,0.81,99.19,AMAN,Normal / Kondusif,TN,32.0,,,1012.0,,,13.0,,,25.0,,
2026-09-29T14:50:26Z,WARR,METAR WARR 290600Z 11015KT CAVOK 32/25 Q1012 NOSIG,290600Z,AMAN,1.42,98.58,AMAN,Normal / Kondusif,TN,32.0,,,1012.0,,,15.0,,,25.0,,
2026-09-29T14:50:26Z,WARR,METAR WARR 290630Z 13014KT CAVOK 33/24 Q1012 NOSIG,290630Z,AMAN,0.61,99.39,AMAN,Normal / Kondusif,TN,33.0,,,1012.0,,,14.0,,,24.0,,
2026-09-29T14:50:26Z,WARR,METAR WARR 290700Z 12014KT CAVOK 33/24 Q1011 NOSIG,290700Z,AMAN,0.37,99.63,AMAN,Normal / Kondusif,TN,33.0,,,1011.0,,,14.0,,,24.0,,
2026-09-29T14:50:26Z,WARR,METAR WARR 290730Z 12013KT CAVOK 33/24 Q1011 NOSIG,290730Z,AMAN,0.31,99.69,AMAN,Normal / Kondusif,TN,33.0,32.17,0.83,1011.0,1010.72,0.28,13.0,13.8,0.8,24.0,23.76,0.24
2026-09-29T14:50:26Z,WARR,METAR WARR 290800Z 11013KT CAVOK 31/23 Q1011 NOSIG,290800Z,AMAN,0.66,99.34,AMAN,Normal / Kondusif,TN,31.0,32.3,1.3,1011.0,1010.46,0.54,13.0,13.07,0.07,23.0,23.72,0.72
2026-09-29T14:50:26Z,WARR,METAR WARR 290830Z 12015KT 9999 FEW020 31/24 Q1011 NOSIG,290830Z,AMAN,4.65,95.35,AMAN,Normal / Kondusif,TN,31.0,30.99,0.01,1011.0,1010.59,0.41,15.0,12.41,2.59,24.0,23.41,0.59
2026-09-29T14:50:26Z,WARR,METAR WARR 290900Z 11014KT 9999 FEW020 31/24 Q1011 NOSIG,290900Z,AMAN,5.09,94.91,AMAN,Normal / Kondusif,TN,31.0,30.54,0.46,1011.0,1010.7,0.3,14.0,13.21,0.79,24.0,23.65,0.35
2026-09-29T14:50:26Z,WARR,METAR WARR 290930Z 12014KT 9999 FEW020 30/24 Q1011 NOSIG,290930Z,AMAN,14.3,85.7,AMAN,Normal / Kondusif,TN,30.0,30.26,0.26,1011.0,1010.8,0.2,14.0,12.7,1.3,24.0,23.87,0.13
2026-09-29T14:50:26Z,WARR,METAR WARR 291000Z 11013KT 9999 FEW020 29/23 Q1012 NOSIG,291000Z,AMAN,1.96,98.04,AMAN,Normal / Kondusif,TN,29.0,29.51,0.51,1012.0,1011.04,0.96,13.0,12.3,0.7,23.0,23.83,0.83
2026-09-29T14:50:26Z,WARR,METAR WARR 291030Z 11012KT 9999 FEW020 29/23 Q1012 NOSIG,291030Z,AMAN,1.14,98.86,AMAN,Normal / Kondusif,TN,29.0,28.75,0.25,1012.0,1011.82,0.18,12.0,11.58,0.42,23.0,23.17,0.17
2026-09-29T14:50:26Z,WARR,METAR WARR 291100Z 11012KT 9999 FEW020 28/24 Q1012 NOSIG,291100Z,AMAN,5.82,94.18,AMAN,Normal / Kondusif,TN,28.0,28.66,0.66,1012.0,1012.05,0.05,12.0,10.88,1.12,24.0,23.19,0.81
2026-09-29T14:50:26Z,WARR,METAR WARR 291130Z 11015KT 9999 FEW020 28/24 Q1012 NOSIG,291130Z,AMAN,10.69,89.31,AMAN,Normal / Kondusif,TN,28.0,28.03,0.03,1012.0,1012.42,0.42,15.0,10.43,4.57,24.0,23.33,0.67
2026-09-29T14:50:26Z,WARR,METAR WARR 291200Z 11014KT 8000 FEW020 28/25 Q1013 NOSIG,291200Z,AMAN,6.7,93.3,AMAN,Normal / Kondusif,TN,28.0,27.91,0.09,1013.0,1012.3,0.7,14.0,11.8,2.2,25.0,23.28,1.72
2026-09-29T14:50:26Z,WARR,METAR WARR 291230Z 10013KT 8000 FEW020 28/25 Q1013 NOSIG,291230Z,AMAN,2.91,97.09,AMAN,Normal / Kondusif,TN,28.0,27.83,0.17,1013.0,1012.85,0.15,13.0,11.33,1.67,25.0,23.62,1.38
2026-09-29T14:50:26Z,WARR,METAR WARR 291300Z 10012KT 8000 FEW020 28/25 Q1014 NOSIG,291300Z,AMAN,1.92,98.08,AMAN,Normal / Kondusif,TN,28.0,27.76,0.24,1014.0,1012.79,1.21,12.0,10.88,1.12,25.0,23.87,1.13
2026-09-29T14:50:26Z,WARR,METAR WARR 291330Z 10013KT 8000 FEW020 28/25 Q1014 NOSIG,291330Z,AMAN,6.28,93.72,AMAN,Normal / Kondusif,TN,28.0,27.7,0.3,1014.0,1013.54,0.46,13.0,9.83,3.17,25.0,23.98,1.02
2026-09-29T14:50:26Z,WARR,METAR WARR 291400Z 10013KT 8000 FEW020 27/25 Q1014 NOSIG,291400Z,AMAN,2.53,97.47,AMAN,Normal / Kondusif,TN,27.0,27.85,0.85,1014.0,1013.62,0.38,13.0,10.7,2.3,25.0,24.03,0.97
2026-09-29T14:50:26Z,WARR,METAR WARR 291430Z 09010KT 8000 FEW020 27/25 Q1014 NOSIG,291430Z,AMAN,1.69,98.31,AMAN,Normal / Kondusif,TN,27.0,27.16,0.16,1014.0,1013.88,0.12,10.0,9.88,0.12,25.0,23.89,1.11
2026-09-29T14:51:11Z,WARR,METAR WARR 291430Z 27008KT 5000 TSRA SCT018CB BKN020 26/24 Q1010 NOSIG,291430Z,AMAN,0.0,100.0,BAHAYA,"Badai Guntur (TS), Awan CB",TN,26.0,,,1010.0,,,8.0,,,24.0,,
