station,tanggal,total_samples_lstm,sum_abs_error_suhu,sum_sq_error_suhu,sum_abs_error_angin,sum_sq_error_angin,sum_abs_error_qnh,sum_sq_error_qnh,sum_abs_error_dew,sum_sq_error_dew,total_samples_xgb,xgb_total_benar,cm_low_low,cm_low_medium,cm_low_high,cm_medium_low,cm_medium_medium,cm_medium_high,cm_high_low,cm_high_medium,cm_high_high,updated_at
WARR,2026-07-01,9,6.82,6.705,205.35,8303.3371,5.16,3.8826,8.65,16.4583,9,9,9,0,0,0,0,0,0,0,0,2026-10-01T04:16:02Z
WARR,2026-07-02,48,24.93,21.1439,84.77,224.7569,18.69,10.7563,0.0,0.0,48,38,34,5,0,2,3,2,0,1,1,2026-10-01T04:16:35Z
WARR,2026-07-03,2,7.52,28.288,9.0,40.5338,2.28,2.6,0.0,0.0,5,4,4,0,0,1,0,0,0,0,0,2026-10-01T04:16:57Z
WARR,2026-07-04,42,48.32,133.9282,72.61,219.0399,23.62,20.714,0.0,0.0,52,31,31,8,0,1,0,0,5,7,0,2026-10-01T04:17:22Z
WARR,2026-07-05,39,17.41,13.2147,46.21,73.4115,17.9,14.2952,0.0,0.0,44,33,33,11,0,0,0,0,0,0,0,2026-10-01T04:17:34Z
WARR,2026-07-06,48,44.78,78.5388,57.81,115.7365,32.07,84.7305,0.0,0.0,48,44,44,4,0,0,0,0,0,0,0,2026-10-01T04:17:41Z
WARR,2026-07-07,55,18.4,9.3312,102.8,2592.4512,11.99,4.4005,0.0,0.0,55,46,45,0,2,0,0,0,7,0,1,2026-10-01T04:17:50Z
WARR,2026-07-08,38,20.68,19.342,56.5,119.9534,13.22,8.2742,0.0,0.0,48,48,48,0,0,0,0,0,0,0,0,2026-10-01T04:17:54Z
WARR,2026-07-09,48,32.08,50.494,59.87,110.0027,29.12,28.0582,0.0,0.0,48,48,48,0,0,0,0,0,0,0,0,2026-10-01T04:18:04Z
WARR,2026-07-10,24,21.3,41.3592,35.03,69.6257,12.48,8.8698,0.0,0.0,24,24,24,0,0,0,0,0,0,0,0,2026-10-01T04:18:12Z
WARR,2026-07-11,22,15.85,17.2345,28.5,56.4396,16.47,17.8009,23.59,41.8957,24,24,24,0,0,0,0,0,0,0,0,2026-10-01T04:18:31Z
WARR,2026-07-12,24,6.5,4.364,49.55,127.8189,11.62,8.2664,0.0,0.0,24,24,24,0,0,0,0,0,0,0,0,2026-10-01T04:18:46Z
WARR,2026-07-13,37,11.32,7.8394,59.86,141.1398,16.43,10.4743,0.0,0.0,45,45,45,0,0,0,0,0,0,0,0,2026-10-01T04:18:57Z
WARR,2026-07-14,48,28.94,32.5742,65.82,123.913,26.5,21.8,0.0,0.0,48,48,48,0,0,0,0,0,0,0,0,2026-10-01T04:19:14Z
WARR,2026-07-15,48,27.43,28.7743,78.36,187.3466,26.1,19.5552,0.0,0.0,48,47,47,1,0,0,0,0,0,0,0,2026-10-01T04:19:30Z
WARR,2026-07-16,48,31.03,30.8223,56.81,95.6663,26.99,23.3477,0.0,0.0,48,48,48,0,0,0,0,0,0,0,0,2026-10-01T04:19:51Z
WARR,2026-07-17,48,29.31,35.9313,66.17,140.8437,21.9,15.1714,0.0,0.0,48,47,47,1,0,0,0,0,0,0,0,2026-10-01T04:20:10Z
WARR,2026-07-18,36,17.19,15.9969,53.66,114.7582,17.63,12.8107,0.0,0.0,48,47,47,1,0,0,0,0,0,0,0,2026-10-01T04:20:36Z
WARR,2026-07-19,14,5.79,3.0651,18.06,30.2378,7.25,5.1495,0.0,0.0,18,17,17,1,0,0,0,0,0,0,0,2026-10-01T04:20:58Z
WARR,2026-07-20,41,42.05,66.0939,61.74,172.7296,18.76,15.0822,0.0,0.0,43,43,43,0,0,0,0,0,0,0,0,2026-10-01T04:22:00Z
WARR,2026-07-21,46,35.6,58.066,64.75,147.9725,24.28,17.9314,0.0,0.0,47,47,47,0,0,0,0,0,0,0,0,2026-10-01T04:22:27Z
WARR,2026-07-22,46,32.01,48.4765,75.58,175.5634,18.02,10.5232,0.0,0.0,47,47,47,0,0,0,0,0,0,0,0,2026-10-01T04:22:43Z
WARR,2026-07-23,48,32.46,35.5778,74.95,198.9579,21.89,14.2741,0.0,0.0,48,48,48,0,0,0,0,0,0,0,0,2026-10-01T04:22:56Z
WARR,2026-07-24,43,47.24,97.049,65.3,154.4366,15.87,8.5811,0.0,0.0,45,45,45,0,0,0,0,0,0,0,0,2026-10-01T04:23:09Z
WARR,2026-07-25,48,37.65,55.4265,58.34,100.4498,19.44,10.9458,0.0,0.0,48,48,48,0,0,0,0,0,0,0,0,2026-10-01T04:23:25Z
WARR,2026-07-26,48,33.82,38.9678,46.11,91.1591,17.33,9.7531,0.0,0.0,48,48,48,0,0,0,0,0,0,0,0,2026-10-01T04:23:52Z
WARR,2026-07-27,38,15.95,12.1393,50.35,98.7131,14.81,9.0005,0.0,0.0,48,48,48,0,0,0,0,0,0,0,0,2026-10-01T04:24:06Z
WARR,2026-07-28,37,19.08,17.9972,45.25,79.6437,12.9,7.4638,0.0,0.0,48,47,47,1,0,0,0,0,0,0,0,2026-10-01T04:24:26Z
WARR,2026-07-29,33,12.27,8.4447,338.56,13324.9502,12.34,7.446,23.82,21.399,37,37,37,0,0,0,0,0,0,0,0,2026-10-01T04:24:37Z
WARR,2026-07-30,48,18.84,11.924,498.74,16368.8856,20.97,13.8005,28.14,22.7414,48,48,48,0,0,0,0,0,0,0,0,2026-10-01T04:24:44Z
WARR,2026-07-31,24,16.79,15.4307,39.53,94.0095,14.31,12.4943,0.0,0.0,24,16,16,2,0,0,0,0,6,0,0,2026-10-01T04:24:48Z
WARR,2026-08-01,49,47.79,116.5627,137.02,1793.7004,27.07,24.0653,0.0,0.0,52,30,27,8,2,1,1,0,10,1,2,2026-09-30T17:01:48Z
WARR,2026-08-02,54,41.59,58.5465,104.07,389.4215,26.47,20.1123,0.0,0.0,56,40,34,2,0,7,3,2,1,4,3,2026-09-30T17:01:58Z
WARR,2026-08-03,1,1.8,3.24,2.1,4.41,0.31,0.0961,0.0,0.0,4,4,4,0,0,0,0,0,0,0,0,2026-09-30T17:02:04Z
WARR,2026-08-04,42,40.12,81.717,80.27,220.5707,23.41,18.2847,0.0,0.0,54,40,38,2,0,7,1,0,1,4,1,2026-09-30T17:02:12Z
WARR,2026-08-05,44,24.83,20.6609,59.8,140.8954,17.65,9.9709,0.0,0.0,46,28,28,16,2,0,0,0,0,0,0,2026-09-30T17:02:19Z
WARR,2026-08-06,48,38.22,48.0356,59.32,116.4844,30.17,57.1213,0.0,0.0,48,47,47,1,0,0,0,0,0,0,0,2026-09-30T17:02:32Z
WARR,2026-08-07,48,33.56,46.4486,66.22,164.318,21.93,14.3505,0.0,0.0,48,48,48,0,0,0,0,0,0,0,0,2026-09-30T17:02:45Z
WARR,2026-08-08,57,23.69,14.3347,816.42,31776.2476,13.71,5.1735,0.0,0.0,58,40,37,0,3,0,0,0,15,0,3,2026-09-30T17:02:56Z
WARR,2026-08-09,38,18.5,13.4468,45.08,77.4064,20.32,17.8044,0.0,0.0,48,47,47,1,0,0,0,0,0,0,0,2026-09-30T17:03:02Z
WARR,2026-08-10,14,7.95,7.1579,11.51,14.9847,5.5,3.5512,0.0,0.0,24,23,23,1,0,0,0,0,0,0,0,2026-09-30T17:03:08Z
WARR,2026-08-11,23,8.78,4.6034,39.96,92.12,12.51,8.8023,18.53,19.8173,24,24,24,0,0,0,0,0,0,0,0,2026-09-30T17:03:20Z
WARR,2026-08-12,23,23.75,33.7307,32.95,74.1657,9.48,5.92,0.0,0.0,24,23,23,1,0,0,0,0,0,0,0,2026-09-30T17:03:28Z
WARR,2026-08-13,1,0.16,0.0256,1.53,2.3409,0.2,0.04,0.0,0.0,1,1,1,0,0,0,0,0,0,0,0,2026-09-30T17:03:35Z
WARR,2026-08-14,48,30.77,34.9105,50.94,94.4952,21.96,15.4636,0.0,0.0,48,44,44,4,0,0,0,0,0,0,0,2026-09-30T17:03:42Z
WARR,2026-08-15,48,35.43,42.6417,63.43,119.0881,22.18,15.93,0.0,0.0,48,45,45,3,0,0,0,0,0,0,0,2026-09-30T17:03:51Z
WARR,2026-08-16,48,29.61,34.9297,78.88,203.2612,29.92,26.5398,0.0,0.0,48,46,46,2,0,0,0,0,0,0,0,2026-09-30T17:04:01Z
WARR,2026-08-17,48,23.21,19.7877,98.77,294.4231,28.57,24.8889,0.0,0.0,48,48,48,0,0,0,0,0,0,0,0,2026-09-30T17:04:12Z
WARR,2026-08-18,47,21.53,17.5143,99.74,307.953,24.05,17.1425,0.0,0.0,47,47,47,0,0,0,0,0,0,0,0,2026-09-30T17:04:22Z
WARR,2026-08-19,47,18.97,11.7569,75.38,166.5818,27.92,27.0776,0.0,0.0,48,48,48,0,0,0,0,0,0,0,0,2026-09-30T17:04:31Z
WARR,2026-08-20,48,30.33,28.7583,95.02,278.3816,31.49,32.7247,0.0,0.0,48,48,48,0,0,0,0,0,0,0,0,2026-09-30T17:04:40Z
WARR,2026-08-21,37,17.87,14.0443,76.63,223.4225,23.11,21.0035,0.0,0.0,48,48,48,0,0,0,0,0,0,0,0,2026-09-30T17:04:53Z
WARR,2026-08-22,44,30.55,44.0479,73.87,184.6303,26.33,23.7903,0.0,0.0,46,44,44,2,0,0,0,0,0,0,0,2026-09-30T17:05:04Z
WARR,2026-08-23,27,22.24,32.6488,31.58,61.623,15.18,13.213,0.0,0.0,46,45,45,1,0,0,0,0,0,0,0,2026-09-30T17:05:18Z
WARR,2026-08-24,48,34.36,47.155,100.21,362.4625,26.18,26.1878,0.0,0.0,48,48,48,0,0,0,0,0,0,0,0,2026-09-30T17:05:38Z
WARR,2026-08-25,46,28.02,44.0594,73.43,184.7025,23.72,19.8062,0.0,0.0,47,45,45,2,0,0,0,0,0,0,0,2026-09-30T17:05:47Z
WARR,2026-08-26,36,22.07,27.3905,52.05,127.4475,25.5,25.5838,0.0,0.0,47,47,47,0,0,0,0,0,0,0,0,2026-09-30T17:05:58Z
WARR,2026-08-27,44,41.63,76.3681,68.7,164.2168,25.46,25.9192,0.0,0.0,46,46,46,0,0,0,0,0,0,0,0,2026-09-30T17:06:06Z
WARR,2026-08-28,20,19.8,31.6688,26.84,61.5154,918.81,830399.2671,0.0,0.0,47,47,47,0,0,0,0,0,0,0,0,2026-09-30T17:06:13Z
WARR,2026-08-29,46,15.67,12.0869,82.33,239.1189,25.24,19.9558,0.0,0.0,47,46,46,0,0,1,0,0,0,0,0,2026-09-30T17:06:21Z
WARR,2026-08-30,1,0.01,0.0001,3.6,12.96,0.7,0.49,1.03,1.0609,1,1,1,0,0,0,0,0,0,0,0,2026-09-30T17:06:26Z
WARR,2026-08-31,48,27.64,27.4424,75.17,168.1623,29.01,29.1695,0.0,0.0,48,48,48,0,0,0,0,0,0,0,0,2026-09-30T17:06:30Z
WARR,2026-09-01,53,61.44,120.844,87.26,189.8132,22.54,13.8306,0.0,0.0,59,38,33,3,0,6,1,1,6,5,4,2026-09-30T16:14:46Z
WARR,2026-09-02,52,35.96,40.868,125.61,483.3787,24.97,18.3747,0.0,0.0,53,44,42,3,0,2,2,2,1,1,0,2026-09-30T16:14:57Z
WARR,2026-09-03,7,3.62,2.2374,7.93,12.2017,3.3,3.8026,0.0,0.0,7,7,7,0,0,0,0,0,0,0,0,2026-09-30T16:15:06Z
WARR,2026-09-04,31,15.21,12.1975,35.13,60.6053,16.27,11.0447,0.0,0.0,47,30,25,7,0,6,5,1,2,1,0,2026-09-30T16:15:16Z
WARR,2026-09-05,46,28.11,23.6815,47.45,83.0803,19.12,15.2588,0.0,0.0,47,29,29,18,0,0,0,0,0,0,0,2026-09-30T16:15:25Z
WARR,2026-09-06,48,35.61,49.0427,56.72,124.3338,23.66,43.2162,0.0,0.0,48,48,48,0,0,0,0,0,0,0,0,2026-09-30T16:15:33Z
WARR,2026-09-07,38,31.17,44.0797,58.39,126.0075,23.29,21.9243,0.0,0.0,48,47,47,1,0,0,0,0,0,0,0,2026-09-30T16:15:41Z
WARR,2026-09-08,7,1.71,0.4549,231.26,10756.9308,0.53,0.0529,0.0,0.0,7,7,7,0,0,0,0,0,0,0,0,2026-09-30T16:15:47Z
WARR,2026-09-09,68,28.25,16.9845,740.87,27967.5415,15.37,5.4515,0.0,0.0,68,52,48,0,2,0,0,0,14,0,4,2026-09-30T16:15:50Z
WARR,2026-09-10,23,13.65,13.8521,39.07,120.9479,8.03,4.3663,0.0,0.0,24,24,24,0,0,0,0,0,0,0,0,2026-09-30T16:15:54Z
WARR,2026-09-11,22,8.5,4.525,39.19,91.5271,12.06,8.5998,16.95,17.3209,24,24,24,0,0,0,0,0,0,0,0,2026-09-30T16:16:04Z
WARR,2026-09-12,24,16.71,18.4681,39.15,96.9449,7.08,3.376,0.0,0.0,24,23,23,1,0,0,0,0,0,0,0,2026-09-30T16:16:11Z
WARR,2026-09-13,24,8.22,7.1482,416.94,13386.0402,3.08,0.6046,0.0,0.0,24,24,24,0,0,0,0,0,0,0,0,2026-09-30T16:16:18Z
WARR,2026-09-14,47,27.3,25.5594,75.96,192.699,18.0,10.3098,0.0,0.0,48,48,48,0,0,0,0,0,0,0,0,2026-09-30T16:16:22Z
WARR,2026-09-15,48,30.25,42.0379,87.21,281.7631,23.09,16.4877,0.0,0.0,48,45,45,3,0,0,0,0,0,0,0,2026-09-30T16:16:31Z
WARR,2026-09-16,43,25.43,24.3039,59.59,122.9897,20.55,14.0063,0.0,0.0,45,45,45,0,0,0,0,0,0,0,0,2026-09-30T16:16:39Z
WARR,2026-09-17,46,27.92,26.9444,55.09,109.4783,20.55,16.0735,0.0,0.0,47,45,45,2,0,0,0,0,0,0,0,2026-09-30T16:16:48Z
WARR,2026-09-18,48,23.25,20.0827,70.3,140.047,26.22,23.6902,0.0,0.0,48,46,46,1,0,1,0,0,0,0,0,2026-09-30T16:16:52Z
WARR,2026-09-19,48,28.9,31.8274,87.81,235.5071,33.7,35.8372,0.0,0.0,48,47,47,1,0,0,0,0,0,0,0,2026-09-30T16:16:58Z
WARR,2026-09-20,48,26.35,21.2185,82.53,243.4067,27.94,23.6038,0.0,0.0,48,47,47,1,0,0,0,0,0,0,0,2026-09-30T16:17:07Z
WARR,2026-09-21,44,22.03,17.9075,56.02,122.086,20.17,12.7871,0.0,0.0,46,46,46,0,0,0,0,0,0,0,0,2026-09-30T16:17:16Z
WARR,2026-09-22,48,25.68,22.5672,62.67,130.8965,21.61,15.5369,0.0,0.0,48,48,48,0,0,0,0,0,0,0,0,2026-09-30T16:17:24Z
WARR,2026-09-23,38,15.91,9.1103,59.2,193.2652,18.99,14.4759,0.0,0.0,48,48,48,0,0,0,0,0,0,0,0,2026-09-30T16:17:32Z
WARR,2026-09-24,48,16.31,10.0677,100.16,281.3618,28.78,27.4012,0.0,0.0,48,48,48,0,0,0,0,0,0,0,0,2026-09-30T16:17:41Z
WARR,2026-09-25,48,26.23,26.7593,82.63,202.5587,24.72,20.0896,0.0,0.0,48,48,48,0,0,0,0,0,0,0,0,2026-09-30T16:17:50Z
WARR,2026-09-26,48,24.24,21.0086,80.26,189.8768,26.11,21.0957,0.0,0.0,48,44,44,2,0,2,0,0,0,0,0,2026-09-30T16:17:58Z
WARR,2026-09-27,42,20.94,18.0062,71.33,204.9111,25.09,20.8273,0.0,0.0,48,48,48,0,0,0,0,0,0,0,0,2026-09-30T16:18:07Z
WARR,2026-09-28,42,22.41,21.5331,67.3,176.36,27.13,26.4463,0.0,0.0,48,48,48,0,0,0,0,0,0,0,0,2026-09-30T15:58:47Z
WARR,2026-09-29,42,23.46,20.016,80.46,229.621,22.54,19.5758,0.0,0.0,48,48,48,0,0,0,0,0,0,0,0,2026-09-30T16:12:01Z
WARR,2026-09-30,33,13.42,8.4926,37.85,67.3875,15.08,9.6468,21.46,17.9752,33,33,33,0,0,0,0,0,0,0,0,2026-09-30T16:12:06Z
